site_ID,LAT,LONG,ELEV,IGBP,Climate_class,MAP,source,estimate_Ts,year_removed,NEE,FC,TA,TS,SWC,SW_IN,USTAR,RH,VPD,comment,gStart,gEnd,SWC_use,netrad_column,estimate_ts_method,ts_col,ts_linear_domain,growing_year_start,ts_source
US-Uaf,64.8663,-147.8555,155,ENF,Dwc,263,AmeriFlux_BASE,NO,,FC_1_1_1 + SC_PI_1,,TA_PI_F_1_1_1,TS_PI_F_1_1_1,SWC_PI_F_1_1_1,SW_IN_PI_F,USTAR_1_1_1,RH_1_1_1,,,,,YES,,,TS_measured,,,sensor
CA-Ca3,49.5346,-124.9004,171,ENF,Cfb,1676,AmeriFlux_BASE,NO,,FC + SC,,T_SONIC,TS_1_1_1,SWC_PI_F_1,SW_IN_1_1_2,USTAR,RH_PI_F_1,,,,,NO,,,TS_measured,,,sensor
CA-Cbo,44.3167,-79.9333,120,DBF,Dfb,876.34,AmeriFlux_BASE,NO,,FC + SC,,TA_2_1_1,TS_2_1_1,SWC_2_1_1,PPFD_IN_1_2_1,USTAR,RH_1_3_1,,,,,YES,,,TS_linear,ac,,sensor
US-Ha1,42.5378,-72.1715,340,DBF,Dfb,1071,AmeriFlux_BASE,YES,,FC_1_1_1  +  SC,,TA_PI_F_1_1_1,TS_PI_1_1_A,SWC_7_1_1,PPFD_IN_PI_F_1_1_1,USTAR,RH_PI_F_1_1_1,,,,,NO,,,TS_measured,,,reconstructed
US-Ha2,42.5393,-72.1779,360,ENF,Dfb,1071,AmeriFlux_BASE,NO,,FC_A_1_1,,TA_A_1_1,TS_PI_1,,PPFD_IN_A_1_1,USTAR_A_1_1,RH_A_1_1,,,,,NO,,,TS_linear,ac,,sensor
US-Var,38.4133,-120.9508,129,GRA,Csa,559,AmeriFlux_BASE,NO,,FC,,TA_PI_F,TS_PI_1_1_A,SWC_PI_F_1_1_A,SW_IN_1_1_2,USTAR,RH_PI_F,,,,,YES,,,TS_measured,,,sensor
US-Ton,38.4309,-120.966,177,WSA,Csa,559,AmeriFlux_BASE,NO,,FC_1_1_1 + SC_1_1_1,,TA_PI_F_1_1_1,TS_PI_F_1_1_A,SWC_PI_F_1_1_A,SW_IN_1_1_1,USTAR_1_1_1,RH_PI_F_1_1_1,,,,,YES,,,TS_measured,,,sensor
US-Los,46.0827,-89.9792,480,WET,Dfb,828,AmeriFlux_BASE,YES,"2007, 2008, 2010",NEE_PI,FC_1_1_1,TA_PI_F_1_1_1,TS_1_1_1,,SW_IN_1_1_1,USTAR_PI_F_1_1_1,,VPD_PI_F_1_1_1,"two high ER when TS = 0 in the three years (2007, 2008, 2010) and these years are only measured for a few months, distinct from other years; TA seems abnormal in these years.",,,NO,NETRAD_1_1_1,NETRAD,TS_measured,,,reconstructed
US-Wkg,31.7365,-109.9419,1531,GRA,Bsk,407,AmeriFlux_BASE,NO,,FC,,TA_1_1_1,TS_1_1_1,SWC_1_1_1,SW_IN,USTAR,RH_1_1_1,,,,,YES,,,TS_measured,,,sensor
US-SRM,31.8214,-110.8661,1120,WSA,Bsk,380,AmeriFlux_BASE,NO,,FC,,TA_1_1_1,TS_PI_1_1_A,SWC_PI_1_1_A,SW_IN,USTAR,RH_1_1_1,,,,,YES,,,TS_measured,,,sensor
US-CMW,31.6637,-110.1777,1199,DBF,Bsh,288,AmeriFlux_BASE,NO,,NEE_PI,FC,TA_1_1_1,TS_1_1_1,SWC_1_6_1,SW_IN,USTAR,RH_1_1_1,,,,,YES,,,TS_linear,ac,,sensor
US-Ho1,45.2041,-68.7402,60,ENF,Dfb,1070,AmeriFlux_BASE,YES,,NEE_PI_1_1_1,FC_1_1_1,T_SONIC_1_1_1,TS_2_1_1,,PPFD_IN_1_1_1,USTAR_1_1_1,,VPD_PI_1_1_1,,,,NO,NETRAD_2_1_1,NETRAD,TS_measured,,,reconstructed
US-Ho2,45.2091,-68.747,61,ENF,Dfb,1064,AmeriFlux_BASE,YES,,NEE_PI_1_1_1,FC_1_1_1,T_SONIC_1_1_1,TS_1_1_1,,PPFD_IN_1_1_1,USTAR_1_1_1,,VPD_PI_1_1_1,,,,NO,,,TS_measured,,,reconstructed
US-GLE,41.3665,-106.2399,3197,ENF,Dfc,1200,AmeriFlux_BASE,NO,2007:2009,FC_1_1_1 + SC_1_1_1,,TA_PI_F_1_1_1,TS_1_1_2,SWC_1_1_1,SW_IN_PI_F_1_1_1,USTAR_PI_F_1_1_1,,VPD_PI_1_1_1,TS measurement may has problem before July; 2007:2009 beetle attack occurred,182,,NO,,,TS_linear,ac,,sensor
US-Me2,44.4526,-121.5589,1253,ENF,Csb,523,AmeriFlux_BASE,NO,2013:2014,NEE_PI_F,FC,TA_1_1_1,TS_1_1_1,SWC_1_1_1,SW_IN,USTAR,RH,,2013-2014 too noise data,,,NO,,,TS_measured,,,sensor
US-NR1,40.0329,-105.5464,3050,ENF,Dfc,800,AmeriFlux_BASE,NO,,FC_1_1_1 + SC_PI_F_1_1_1,,TA_1_1_1,TS_1_1_1,SWC_1_1_1,SW_IN_PI_F_1_1_1,USTAR_PI_F_1_1_1,RH_PI_F_1_1_1,,,,,YES,,,TS_measured,,,gapfill_pi
US-WCr,45.8059,-90.0799,520,DBF,Dfb,787,AmeriFlux_BASE,NO,"2021, 2022",FC_1_1_1 + SC_PI_F_1_1_1,,TA_1_1_1,TS_PI_F_1_1_1,SWC_1_2_1,SW_IN,USTAR_PI_F_1_1_1,,VPD_PI_1_1_1,"super noisy, and negative ER data in 2021 and 2022",,,YES,,,TS_measured,,,sensor
US-UMB,45.5598,-84.7138,234,DBF,Dfb,803,AmeriFlux_BASE,NO,2016:2018,NEE_PI,FC,TA,TS_1_1_1,SWC_1_1_1,SW_IN,USTAR,RH,,2016 not enough data; 2017 and 2018 noisy data and low accuracy; all the 3 years only measured for a few months,,,YES,,,TS_measured,,,sensor
US-MMS,39.3232,-86.4131,275,DBF,Cfa,1032,AmeriFlux_BASE,NO,,FC_1_1_1,,TA_1_1_1,TS_2_1_1,SWC_PI_1,SW_IN_1_1_1,USTAR_1_1_1,RH_1_1_1,,,,,YES,,,TS_measured,,,sensor
US-PFa,45.9459,-90.2723,470,MF,Dfb,823,AmeriFlux_BASE,YES,,FC_1_1_1 + SC_1_1_1,,TA_PI_F_1_3_1,TS_1_1_1,SWC_1_1_1,PPFD_IN_1_1_1,USTAR_PI_F_1_3_1,,VPD_PI_F_1_3_1,,,,NO,,,TS_measured,,,reconstructed
US-Syv,46.242,-89.3477,540,MF,Dfb,826,AmeriFlux_BASE,NO,2012,NEE_PI,FC_1_1_1,TA_1_1_1,TS_PI_F_1_1_1,SWC_1_1_1,SW_IN_1_1_1,USTAR_1_1_1,,VPD_PI_F_1_1_1,2012 only measured a few months,,,YES,,,TS_measured,,,sensor
US-Whs,31.7438,-110.0522,1370,OSH,Bsk,320,AmeriFlux_BASE,NO,,FC,,TA_1_2_1,TS_1_1_1,SWC_1_1_1,SW_IN,USTAR,RH_1_1_1,,,,,YES,,,TS_measured,,,sensor
US-ICt,68.6063,-149.3041,930,OSH,ET,318,AmeriFlux_BASE,NO,2021,FC,,TA_PI_F,TS_1_1_1,SWC_1_1_1,SW_IN_PI_F,USTAR,RH_PI_F,,2021:abnormal data; negative values,,,NO,,,TS_linear,ac,,sensor
US-ICh,68.6068,-149.2958,940,OSH,ET,318,AmeriFlux_BASE,NO,2022,FC,,TA_PI_F,TS_1_1_1,SWC_1_1_1,SW_IN_PI_F,USTAR,RH_PI_F,,2022 data is not enough in peak growing season,,,NO,,,TS_measured,,,gapfill_pi
US-ICs,68.6058,-149.311,920,WET,ET,318,AmeriFlux_BASE,NO,"2008,  2012, 2013, 2022",FC,,TA_PI_F,TS_1_1_1,SWC_1_1_1,SW_IN_PI_F,USTAR,RH_PI_F,,2012: abnormal data; other three years too little data,,,NO,,,TS_measured,,,gapfill_pi
US-SRG,31.7894,-110.8277,1291,GRA,Bsk,420,AmeriFlux_BASE,YES,,FC,,TA_1_1_1,TS_1_1_1,SWC_1_1_1,SW_IN,USTAR,RH_1_1_1,,,,,YES,NETRAD,NETRAD,TS_measured,,,reconstructed
US-IB2,41.8406,-88.241,226.5,GRA,Dfa,930.25,AmeriFlux_BASE,NO,,FC,,TA,TS_1_1_1,SWC_1_1_1,SW_IN,USTAR,RH,,,,,NO,,,TS_linear,ac,,sensor
US-Kon,39.0824,-96.5603,417,GRA,Cfa,867,AmeriFlux_BASE,NO,,FC_1_1_1,,TA_1_1_1,TS_2_1_1,SWC_2_1_1,SW_IN_1_1_1,USTAR_1_1_1,RH_1_1_1,,,,,NO,,,TS_linear,ac,,sensor
US-MOz,38.7441,-92.2,219.4,DBF,Cfa,986,AmeriFlux_BASE,NO,,FC_1_1_1 + SC_1_1_1,,TA_1_1_1,TS_1_1_1,SWC_1_1_1,SW_IN_1_1_1,USTAR_1_1_1,RH_1_1_1,,,,,YES,,,TS_measured,,,sensor
US-NC2,35.803,-76.6685,5,ENF,Cfa,1320,AmeriFlux_BASE,NO,,FC_1_1_1,,TA_1_1_1,TS_1_1_1,SWC_1_1_1,SW_IN_1_1_1,USTAR_1_1_1,RH_1_1_1,,long-growing season,,,NO,,,TS_measured,,,sensor
US-Bar,44.0646,-71.2881,272,DBF,Dfb,1245.77,AmeriFlux_BASE,NO,,FC_1_1_1,,TA_1_1_1,TS_1_1_1,SWC_1_1_1,SW_IN_1_1_1,USTAR_1_1_1,RH_1_1_1,,,,,YES,,,TS_linear,ac,,sensor
CA-Oas,53.6289,-106.1978,530,DBF,Dfc,428.53,AmeriFlux_BASE,NO,,FC + SC,,TA,TS_2,SWC_2,SW_IN,USTAR,RH,,,,,YES,,,TS_measured,,,sensor
CA-TP4,42.7102,-80.3574,184,ENF,Dfb,1036,AmeriFlux_BASE,NO,,FC + SC,,TA_PI_F_1_1_1,TS_PI_F_1,SWC_1_1_1,SW_IN_PI_F,USTAR,RH_PI_F_1_1_1,,,,,YES,,,TS_linear,ac,,sensor
CA-TP3,42.7068,-80.3483,184,ENF,Dfb,1036,AmeriFlux_BASE,NO,,FC + SC,,TA_PI_F,TS_PI_F_1,SWC_1_1_1,PPFD_IN_PI_F,USTAR,RH_PI_F,,,,,YES,,,TS_linear,ac,,sensor
CA-Man,55.8796,-98.4808,259,ENF,Dfc,520,AmeriFlux_BASE,YES,,NEE_PI,FC,TA_1_1_1,TS_1_1_1,,PPFD_IN,USTAR,RH,,,,200,NO,NETRAD,NETRAD,TS_measured,,,reconstructed
CA-LP1,55.1119,-122.8414,751,ENF,Dfb,570,AmeriFlux_BASE,NO,,FC + SC,,TA,TS_1_1_1,SWC_1_1_1,SW_IN,USTAR,RH,,,52,250,YES,,,TS_measured,,,sensor
CA-Ca1,49.8673,-125.3336,300,ENF,Cfb,1369,AmeriFlux_BASE,NO,,NEE_PI,FC,TA_PI_F_1,TS_PI_F_1,SWC_PI_F_1,SW_IN_PI_F_1,USTAR,RH_1_1_1,,,32,310,YES,,,TS_measured,,,sensor
CA-Gro,48.2167,-82.1556,340,MF,Dfb,831,AmeriFlux_BASE,NO,,NEE_PI,FC,TA_1_1_1,TS_1_1_1,SWC_1_1_1,SW_IN,USTAR,RH_1_1_1,,,148,,YES,,,TS_linear,ac,,sensor
CA-Obs,53.9872,-105.1178,628.94,ENF,Dfc,405.6,AmeriFlux_BASE,NO,,FC + SC,,TA,TS_2,SWC_2,SW_IN,USTAR,RH,,,,,YES,,,TS_linear,ac,,sensor
CA-Ojp,53.9163,-104.692,579,ENF,Dfc,430.5,AmeriFlux_BASE,NO,,NEE_PI,FC,TA_1_1_1,TS_1_1_1,SWC_1_1_1,SW_IN,USTAR,RH_1_1_1,,,,,YES,,,TS_measured,,,sensor
US-Jo2,32.5849,-106.6032,1469,OSH,Bwk,282.3,AmeriFlux_BASE,NO,,FC,,TA,TS_1_1_1,SWC_1_1_1,SW_IN,USTAR,RH,,adjust start growing season to use 2020 which has gaps in Jan-March,65,,YES,,,TS_linear,ac,,sensor
US-MtB,32.416,-110.7256,2573,ENF,Csb,790,AmeriFlux_BASE,NO,,FC,,TA_1_1_1,TS_1_1_1,SWC_1_1_1,SW_IN,USTAR,RH_1_1_1,,"adjust start growing season because ENF GPP starts early, but ER start later",60,,NO,,,TS_measured,,,sensor
US-LL1,31.2792,-84.5329,165,SAV,Cfa,1310,AmeriFlux_BASE,NO,,NEE_PI_F,FC,TA,TS_1_1_1,SWC,SW_IN_PI_F,USTAR,RH,,,66,180,YES,,,TS_linear,ac,,sensor
US-BZB,64.6955,-148.3208,100,WET,Dfd,274,AmeriFlux_BASE,NO,,FC,,TA_PI_F,TS_PI_1,SWC_PI_1,SW_IN,USTAR,RH,,,,,NO,,,TS_linear,ac,,sensor
US-BZF,64.7013,-148.3121,95,WET,Dfd,274,AmeriFlux_BASE,NO,,FC,,TA_PI_F,TS_PI_1,SWC_PI_1,SW_IN,USTAR,RH,,,,,NO,,,TS_linear,ac,,sensor
US-KL2,42.4768,-85.4468,258.3,GRA,Dfa,1027,AmeriFlux_BASE,NO,,FC,,TA_PI_F,TS_1_1_1,SWC,SW_IN_PI_F,USTAR,RH_PI_F,,,,,YES,,,TS_linear,ac,,sensor
US-Ro4,44.6781,-93.0723,274,GRA,Dfa,879,AmeriFlux_BASE,NO,,FC + SC,,TA,TS_1_1_1,SWC,SW_IN,USTAR,RH,,,,,NO,,,TS_measured,,,sensor
US-KM4,42.4423,-85.3301,246.3,GRA,Dfa,1027,AmeriFlux_BASE,NO,,FC,,TA_PI_F,TS_1_1_1,SWC,SW_IN,USTAR,RH_PI_F,,,,,YES,,,TS_measured,,,sensor
US-MBP,47.5051,-93.4893,416,WET,Dfb,780,AmeriFlux_BASE,NO,,FC,,TA,TS_1_1_1,,PPFD_IN,USTAR,RH,,,,,NO,,,TS_linear,ac,,gapfill_ta
US-Myb,38.0499,-121.765,-4,WET,Csa,338,AmeriFlux_BASE,NO,"2012, 2013",FC,,TA,TS_2_1_1,,PPFD_IN_1_1_1,USTAR,RH,,"ER of 2012 and 2013 is unreasonably high, remove the two years; wetlands reconstructed in 2010, and first few years data was not natural.",,,NO,,,TS_linear,ac,,sensor
US-NC4,35.7879,-75.9038,1,WET,Cfa,1311,AmeriFlux_BASE,NO,,NEE_PI_1_1_1,FC_1_1_1,TA_1_1_1,TS_1_2_1,SWC_1_1_1,PPFD_IN_1_1_1,USTAR_1_1_1,RH_1_1_1,,,,,NO,,,TS_linear,ac,,sensor
US-Tw1,38.1074,-121.6469,-5,WET,Csa,421,AmeriFlux_BASE,NO,,FC,,TA,TS_PI_1,,SW_IN,USTAR,RH,,,,,NO,,,TS_linear,night,,sensor
US-Ced,39.8379,-74.3791,58,CSH,Cfa,1138,AmeriFlux_BASE,YES,,FC_1_1_1 + SC_1_1_1,FC_1_1_1,TA_1_1_1,TS_1_1_1,,SW_IN_1_1_1,USTAR_1_1_1,RH_1_1_1,,,,,NO,NETRAD_1_1_1,NETRAD,TS_measured,,,reconstructed
US-Oho,41.5545,-83.8438,230,DBF,Dfa,849,AmeriFlux_BASE,NO,,FC + SC,,TA_1_1_1,TS_1_1_1,SWC,SW_IN,USTAR,RH_1_1_1,,,,,NO,,,TS_measured,,,sensor
US-Slt,39.9138,-74.596,30,DBF,Dfa,1138,AmeriFlux_BASE,NO,,NEE_PI_1_1_1,FC_1_1_1,TA_1_1_1,TS_1_1_1,SWC_1_1_1,SW_IN_1_1_1,USTAR_1_1_1,RH_1_1_1,,,,,NO,,,TS_measured,,,sensor
US-Wrc,45.8205,-121.9519,371,ENF,Csb,2452,AmeriFlux_BASE,NO,,FC,,TA,TS_1,SWC_1,SW_IN,USTAR,RH,,we confined growing season because of data measurements,90,270,NO,,,TS_measured,,,sensor
AU-Tum,-35.6566,148.1517,1200,EBF,Cfb,1159.01,TERN,NO,,,,,,,,,,,,,380,YES,,,TS_measured,,183,sensor
BE-Bra,51.3076,4.5198,16,MF,Cfb,750,FLUXNET+ICOS,NO,,,,,,,,,,,,,,NO,,,TS_linear,ac,,sensor
BE-Vie,50.3049,5.9981,493,MF,Cfb,1062,FLUXNET+ICOS,NO,,,,,,,,,,,,,,YES,,,TS_measured,,,sensor
CH-Lae,47.4783,8.3644,689,MF,Cfb,1100,FLUXNET,NO,,,,,,,,,,,,,,YES,,,TS_linear,ac,,sensor
CZ-BK1,49.5021,18.5369,875,ENF,Dfb,1316,FLUXNET+ICOS,NO,,,,,,,,,,,,91,,YES,,,TS_measured,,,sensor
CZ-wet,49.0247,14.7704,426,WET,Dfb,604,FLUXNET+ICOS,NO,,,,,,,,,,,,,,NO,,,TS_measured,,,sensor
DE-Gri,50.95,13.5126,385,GRA,Cfb,901,FLUXNET,NO,,,,,,,,,,,,,,NO,,,TS_measured,,,sensor
DE-Hai,51.0792,10.4522,430,DBF,Cfb,720,FLUXNET,NO,,,,,,,,,,,,,,YES,,,TS_measured,,,sensor
DE-Tha,50.9626,13.5651,385,ENF,Cfb,843,FLUXNET+ICOS,NO,,,,,,,,,,,,,,YES,,,TS_measured,,,sensor
DK-Sor,55.4859,11.6446,40,DBF,Cfb,660,FLUXNET+ICOS,NO,1999,,,,,,,,,,1999 no SWC data,,,YES,,,TS_measured,,,sensor
FI-Hyy,61.8474,24.2948,181,ENF,Dfc,709,FLUXNET+ICOS,NO,,,,,,,,,,,,,,YES,,,TS_measured,,,sensor
FI-Sod,67.3624,26.6386,180,ENF,Dfc,500,FLUXNET2015+FLUXNET+ICOS,NO,"2002, 2003",,,,,,,,,,"2002, 2003 missed lots of data; 2002 abnormal temperature; we used loose gap constrain for this site because too many data are missed.",,270,YES,,,TS_linear,ac,,recalibrated
FR-Pue,43.7413,3.5957,270,EBF,Csa,883,FLUXNET,YES,"2001:2003, 2005, 2013",,,,,,,,,,"2001-2003 lack of SWC, 2005 insect effect, 2013 low model accuracy likely sensor problem",,,YES,NETRAD,NETRAD,TS_measured,,,reconstructed
IT-MBo,46.0147,11.0458,1550,GRA,Dfb,1214,FLUXNET+ICOS,NO,,,,,,,,,,,,,,YES,,,TS_measured,,,sensor
IT-Noe,40.6062,8.1517,25,CSH,Csa,588,FLUXNET+ICOS,NO,,,,,,,,,,,,,,NO,,,TS_measured,,,sensor
IT-Ren,46.5869,11.4337,1730,ENF,Dfc,809.3,FLUXNET+ICOS,NO,,,,,,,,,,,,,,NO,,,TS_linear,ac,,sensor
IT-SRo,43.7279,10.2844,6,ENF,Csa,920,FLUXNET,NO,,,,,,,,,,,,,,NO,,,TS_measured,,,sensor
NL-Loo,52.1666,5.7436,25,ENF,Cfb,786,FLUXNET+ICOS,NO,1998,,,,,,,,,,1998 lack SWC,120,,YES,,,TS_linear,ac,,sensor
RU-Fyo,56.4615,32.9221,265,ENF,Dfb,711,FLUXNET,NO,,,,,,,,,,,,,,YES,,,TS_linear,ac,,sensor
ZA-Kru,-25.0197,31.4969,359,SAV,Bsh,547,FLUXNET2015,NO,,,,,,,,,,,,,,YES,,,TS_linear,ac,183,sensor
IT-Tor,45.8444,7.5781,2160,GRA,Dfc,920,FLUXNET+ICOS,NO,2008,,,,,,,,,,2008: first year measurement;missed half-year data,,,YES,,,TS_linear,ac,,sensor
BE-Dor,50.311876,4.968113,250,GRA,Cfb,581.795,FLUXNET+ICOS,NO,,,,,,,,,,,,,270,YES,,,TS_linear,ac,,sensor
CH-Fru,47.115833,8.537778,982,GRA,Dfb,1651,FLUXNET,NO,,,,,,,,,,,,,,YES,,,TS_measured,,,sensor
CZ-RAJ,49.443724,16.696513,648,ENF,Dfb,681,FLUXNET,YES,,,,,,,,,,,,,,NO,NETRAD,NETRAD,TS_measured,,,reconstructed
CZ-Stn,49.035975,17.9699,564,DBF,Dfb,685,FLUXNET,NO,,,,,,,,,,,,,,YES,,,TS_measured,,,sensor_depth2
DE-Obe,50.78666,13.72129,743,ENF,Dfb,996,FLUXNET,NO,2018,,,,,,,,,,a few gaps bias TS-ER relationships,,,YES,,,TS_measured,,,sensor
DE-RuR,50.6219,6.3041,514.7,GRA,Cfb,1033,FLUXNET+ICOS,NO,,,,,,,,,,,,,,YES,,,TS_measured,,,sensor
CH-Aws,46.583194,9.790417,1942,GRA,Dfc,918,FLUXNET,NO,"2008, 2009",,,,,,,,,,"2006-2010:first few year measurements, only measured for few months, abnormal TA and TS measurements",121,,YES,,,TS_measured,,,sensor
ES-LJu,36.926594,-2.752115,1613,OSH,Csb,400,FLUXNET,NO,2006,,,,,,,,,,"2006: first year measurement, abnormal TS-ER curves",,270,YES,,,TS_measured,,,sensor
FR-FBn,43.24079,5.67865,433,MF,Csa,700,FLUXNET+ICOS,YES,,,,,,,,,,,,,,NO,,linear regression,TS_measured,,,reconstructed
FR-Fon,48.476358,2.780096,104,DBF,Cfb,720,WW2020+FLUXNET+ICOS,YES,,,,,,,,,,,,,,NO,,,TS_measured,,,reconstructed
GF-Guy,5.2788,-52.9249,48,EBF,Am,3041,WW2020+FLUXNET+ICOS,NO,,,,,,,,,,,,1,365,YES,,,TS_measured,,,ta_substitute
IL-Yat,31.345045,35.051989,652,ENF,Csa,285,FLUXNET,NO,2009,,,,,,,,,,2009: too few observations although no large gaps; pattern of that year is not right,1,150,NO,,,TS_measured,,,sensor
SE-Deg,64.182,19.5565,270,GRA,Dfc,523,WW2020+FLUXNET+ICOS,NO,2003,,,,,,,,,,"2003: only half-year measurement; if use SWC, data only start from 2014 and 2003 will be ignored",,,YES,,,TS_measured,,,sensor
IT-SR2,43.732022,10.29091,13,ENF,Csa,920,FLUXNET+ICOS,NO,,,,,,,,,,,,,270,YES,,,TS_measured,,,sensor
CH-Dav,46.8153,9.8559,1639,ENF,Dfc,1062,FLUXNET+ICOS,YES,,,,,,,,,,,"it has SWC data after 2007, but seems abnormal",,,NO,,,TS_measured,,,reconstructed
DE-Akm,53.8662,13.6834,-1,WET,Cfb,558,FLUXNET,YES,,,,,,,,,,,,,,NO,NETRAD,NETRAD,TS_measured,,,reconstructed
DE-Hte,54.2103,12.1761,0.2,WET,Dfb,645,FLUXNET,YES,,,,,,,,,,,,,,NO,,linear regression,TS_measured,,,reconstructed
DE-Hzd,50.96381,13.48978,395,DBF,Dfb,877,FLUXNET+ICOS,NO,,,,,,,,,,,,,,NO,,,TS_measured,,,sensor
DE-RuC,50.5031,6.336,610,OSH,Cfb,1250,FLUXNET,NO,,,,,,,,,,,,,,YES,,,TS_linear,ac,,sensor
DE-RuW,50.5049269,6.33096248,610,ENF,Cfb,1250,FLUXNET+ICOS,NO,,,,,,,,,,,,91,330,YES,,,TS_measured,,,sensor
DE-SfS,47.80629,11.32757,619,WET,Cfb,1127,FLUXNET,NO,,,,,,,,,,,,,,NO,,,TS_linear,ac,,sensor
FR-Bil,44.493652,-0.956092,39,ENF,Cfb,960.1,FLUXNET+ICOS,YES,,,,,,,,,,,,,,NO,,,TS_measured,,,reconstructed
SE-Nor,60.0865,17.479504,58,ENF,Dfb,586,WW2020+FLUXNET+ICOS,NO,,,,,,,,,,,,,,YES,,,TS_measured,,,sensor
SE-Svb,64.25611,19.7745,267,ENF,Dfc,614,FLUXNET+ICOS,NO,,,,,,,,,,,,,,NO,,,TS_measured,,,sensor
UK-AMo,55.792545,-3.2436917,268,WET,Cfc,960,FLUXNET+ICOS,NO,,,,,,,,,,,,,,NO,,,TS_linear,ac,,sensor
CA-Mer,45.4094,-75.5186,70,WET,Dfb,943,AmeriFlux_BASE,NO,,FC + SC,,TA,TS_2_1_1,SWC_2_1_1,PPFD_IN,USTAR,RH,,,,,NO,,,TS_linear,ac,,sensor
CA-TPD,42.6353,-80.5577,260,DBF,Dfb,1036,AmeriFlux_BASE,NO,,NEE_PI,FC,TA_PI_F,TS_PI_F_1,SWC_1_1_1,PPFD_IN,USTAR,RH,,,,,YES,,,TS_measured,,,sensor
US-BZS,64.6963,-148.3235,100,ENF,Dfd,274,AmeriFlux_BASE,NO,,FC,,TA_PI_F,TS_PI_1,SWC_PI_1,SW_IN,USTAR,RH,,,,,NO,,,TS_linear,ac,,sensor
US-Cwt,35.0592,-83.4275,690,DBF,Dfb,1800,AmeriFlux_BASE,NO,,FC + SC_PI_F,,TA_PI_F,,SWC_1_1_1,SW_IN_PI_F,USTAR_1_1_1,RH_PI_F,,use nearby site TA-TS relationships,,,NO,,,TS_measured,,,borrowed_site
US-Rls,43.1439,-116.7356,1608,CSH,Bsh,333,AmeriFlux_BASE,NO,,NEE_PI,,TA_PI_F,TS_PI_1,SWC_4_1_1,SW_IN_PI_F,USTAR,RH_PI_F,,,,,YES,,,TS_measured,,,sensor
US-Rws,43.1675,-116.7132,1425,OSH,Bsk,290,AmeriFlux_BASE,NO,,NEE_PI,,TA_PI_F,TS_PI_1,SWC_4_1_1,SW_IN_PI_F,USTAR,RH_PI_F,,,,,YES,,,TS_measured,,,sensor
BR-Ma2,-2.6091,-60.2093,130,EBF,Af,2252,AmeriFlux_BASE,NO,,NEE_PI_F,FC,TA_PI_F,TA_PI_F,,SW_IN_PI_F,USTAR,RH,VPD_PI_F,"no soil T, use bottom airT",1,366,NO,,,TS_measured,,,sensor
BR-Sa1,-2.8567,-54.9589,88,EBF,Am,2074.79,AmeriFlux_BASE,NO,,NEE_PI,FC,TA_1_1_1,TA_1_8_1,,PPFD_IN,USTAR,RH_1_2_1,VPD_PI_1_2_1,"no soil T, use bottom airT",1,366,NO,,,TS_measured,,,sensor
CA-ARB,52.695,-83.9452,90,WET,Dfb,700,AmeriFlux_BASE,NO,,NEE_PI,FC,TA,TS_1_1_1,SWC_1_1_1,SW_IN,USTAR,RH,,,,,YES,,,TS_measured,,,lm_ta_cold
CA-ARF,52.7008,-83.955,88,WET,Dfb,700,AmeriFlux_BASE,NO,,NEE_PI,FC,TA,TS_1_2_1,SWC_1_1_1,SW_IN,USTAR,RH,,growing season the same as CA-ARB,146,258,YES,,,TS_measured,,,lm_ta_cold
CA-KLP,51.5902,-81.7684,71,WET,Dfb,680,AmeriFlux_BASE,NO,,NEE_PI,FC,TA,TS_1_1_1,SWC_1_1_1,SW_IN,USTAR,RH,,,,,YES,,,TS_measured,,,lm_ta_cold
US-BZo,64.6936,-148.33,100,WET,Dfd,274,AmeriFlux_BASE,NO,,FC_PI_F,FC_PI_F,TA_PI_F,TS_PI_2,SWC_PI_1,SW_IN,USTAR,RH,VPD_PI_F,,,,YES,,,TS_measured,,,lm_ta_recent
US-ChR,35.9311,-84.3324,286,DBF,Cfa,1358.85,AmeriFlux_BASE,NO,,FC + SC,FC,TA,TS_PI_1,SWC_PI_2,SW_IN,USTAR,RH,VPD_PI,"1st layer SWC data may be abnormal, use 2rd layer",,,YES,,,TS_measured,,,lm_ta_cold
US-Rms,43.0645,-116.7486,2111,CSH,Bsh,800,AmeriFlux_BASE,NO,,NEE_PI,FC,TA,TS_PI_2,SWC_4_1_1,SW_IN,USTAR,RH,,1 year is missing,,,YES,,,TS_measured,,,lm_ta_cold
US-SRS,31.8173,-110.8508,1169,WSA,Bsk,388,AmeriFlux_BASE,NO,,FC,FC,TA,TS_1_1_1,SWC_1_1_1,SW_IN,USTAR,RH,VPD_PI,"abnormal flux in oct, 2013",181,280,YES,,,TS_measured,,,lm_ta_cold
